{"cameraMode":{"drawMode":0,"name":"Shaded","section":"Shading Mode"},"sceneLighting":false,"audioPlay":false,"sceneViewState":{"showFog":true,"showMaterialUpdate":true,"showSkybox":false,"showFlares":true,"showImageEffects":true,"showParticleSystems":true},"in2DMode":false,"pivot":{"x":-15.072653770446778,"y":4.246521472930908,"z":-9.050737380981446},"rotation":{"x":0.0392523854970932,"y":0.9183781743049622,"z":-0.09428858011960983,"w":0.3823317289352417},"size":11.874417304992676,"orthographic":false}