{"cameraMode":{"drawMode":0,"name":"Shaded","section":"Shading Mode"},"sceneLighting":false,"audioPlay":false,"sceneViewState":{"showFog":true,"showMaterialUpdate":true,"showSkybox":false,"showFlares":true,"showImageEffects":true,"showParticleSystems":true},"in2DMode":false,"pivot":{"x":0.2302248477935791,"y":2.194092273712158,"z":-20.113224029541017},"rotation":{"x":0.13782766461372376,"y":-0.02644113078713417,"z":0.0036411755718290807,"w":0.9901421666145325},"size":3.2921018600463869,"orthographic":false}