{"cameraMode":{"drawMode":0,"name":"Shaded","section":"Shading Mode"},"sceneLighting":false,"audioPlay":false,"sceneViewState":{"showFog":true,"showMaterialUpdate":true,"showSkybox":false,"showFlares":true,"showImageEffects":true,"showParticleSystems":true},"in2DMode":false,"pivot":{"x":-0.3721185326576233,"y":3.348324775695801,"z":-19.450902938842775},"rotation":{"x":0.12284669280052185,"y":0.4097630977630615,"z":-0.05575333908200264,"w":0.9022325277328491},"size":1.9999399185180665,"orthographic":false}